id,name,source,rarity,acquired_runs,wins,win_rate,ci_low,ci_high,baseline_delta,median_floor,rarity_rank,rarity_pool,a0_runs,a0_wins,a0_win_rate,a0_rarity_rank,a0_rarity_pool,a10_runs,a10_wins,a10_win_rate,a10_rarity_rank,a10_rarity_pool
ECTOPLASM,灵体外质,原版,Ancient,1,1,1.0,0.20654931437723745,1.0,0.43062720608199834,34,,,1,1,1.0,,,0,0,,,
BLESSED_ANTLER,赐福鹿角,原版,Ancient,67,64,0.9552238805970149,0.8764216691090624,0.9846560248779613,0.38585108667901324,34,,,22,21,0.9545454545454546,,,7,6,0.8571428571428571,,
SIGNET_RING,图章戒指,原版,Ancient,110,105,0.9545454545454546,0.8979840649336309,0.9804305393407652,0.3851726606274529,34.0,,,37,35,0.9459459459459459,,,20,19,0.95,,
MUSIC_BOX,音乐盒,原版,Ancient,61,58,0.9508196721311475,0.8650887247278409,0.9831340173312375,0.3814468782131458,34,,,20,19,0.95,,,12,11,0.9166666666666666,,
IRON_CLUB,铁棒,原版,Ancient,97,92,0.9484536082474226,0.8849564458853718,0.9777839489624893,0.379080814329421,34,,,26,24,0.9230769230769231,,,24,24,1.0,,
FUR_COAT,皮草大衣,原版,Ancient,47,44,0.9361702127659575,0.8283738581687556,0.9780546147945668,0.3667974188479558,34,,,11,11,1.0,,,7,7,1.0,,
BEAUTIFUL_BRACELET,华美手镯,原版,Ancient,60,56,0.9333333333333333,0.8407464268680283,0.9737713012754938,0.3639605394153317,34.0,,,23,21,0.9130434782608695,,,15,14,0.9333333333333333,,
DELICATE_FROND,娇嫩蕨草,原版,Ancient,43,40,0.9302325581395349,0.8139101309875801,0.9759884104227855,0.3608597642215332,34,,,24,24,1.0,,,3,2,0.6666666666666666,,
PRESERVED_FOG,腌制活雾,原版,Ancient,100,93,0.93,0.8625048526092651,0.9656807389327273,0.3606272060819984,34.0,,,37,34,0.918918918918919,,,16,15,0.9375,,
ARCHAIC_TOOTH,古老牙齿,原版,Ancient,299,278,0.9297658862876255,0.8950219902160961,0.9536068633127206,0.3603930923696238,18.0,,,113,100,0.8849557522123894,,,64,61,0.953125,,
PHILOSOPHERS_STONE,贤者之石,原版,Ancient,28,26,0.9285714285714286,0.7735463743160095,0.9801879358846942,0.35919863465342694,18.0,,,13,13,1.0,,,7,6,0.8571428571428571,,
TRI_BOOMERANG,三刃回旋镖,原版,Ancient,96,88,0.9166666666666666,0.8441009676029043,0.9571693758490329,0.34729387274866497,34.0,,,37,33,0.8918918918918919,,,16,14,0.875,,
SPIKED_GAUNTLETS,带刺手甲,原版,Ancient,24,22,0.9166666666666666,0.741511978067893,0.9768411847029567,0.34729387274866497,34.0,,,8,7,0.875,,,5,5,1.0,,
LOOMING_FRUIT,布质果实,原版,Ancient,91,83,0.9120879120879121,0.8360136111636226,0.954779792191696,0.3427151181699104,34,,,29,26,0.896551724137931,,,20,17,0.85,,
SERE_TALON,原初之爪,原版,Ancient,56,51,0.9107142857142857,0.8074399861448884,0.9612578515504131,0.34134149179628404,34.0,,,17,14,0.8235294117647058,,,17,17,1.0,,
GLITTER,亮片,原版,Ancient,121,110,0.9090909090909091,0.8445270273318659,0.9484787652565609,0.3397181151729074,34,,,39,33,0.8461538461538461,,,22,19,0.8636363636363636,,
JEWELED_MASK,宝石面具,原版,Ancient,128,116,0.90625,0.8432700274269215,0.945556195600853,0.33687720608199834,34.0,,,49,45,0.9183673469387755,,,23,16,0.6956521739130435,,
SAI,钗,原版,Ancient,85,77,0.9058823529411765,0.8251294803137523,0.9515349387077823,0.3365095590231748,34,,,34,30,0.8823529411764706,,,13,13,1.0,,
DISTINGUISHED_CAPE,卓越斗篷,原版,Ancient,58,52,0.896551724137931,0.7921189700751577,0.951718592576371,0.3271789302199294,34.0,,,21,17,0.8095238095238095,,,7,7,1.0,,
BLOOD_SOAKED_ROSE,血染玫瑰,原版,Ancient,38,34,0.8947368421052632,0.7586947827711269,0.9582974265244647,0.3253640481872615,34.0,,,15,14,0.9333333333333333,,,7,5,0.7142857142857143,,
RUNIC_PYRAMID,符文金字塔,原版,Ancient,28,25,0.8928571428571429,0.7280414845132785,0.9628816331707,0.32348434893914124,18.0,,,8,6,0.75,,,7,6,0.8571428571428571,,
THROWING_AXE,投斧,原版,Ancient,81,72,0.8888888888888888,0.8021290531846268,0.9404324359234946,0.3195160949708872,34,,,27,21,0.7777777777777778,,,15,14,0.9333333333333333,,
DRIFTWOOD,浮木,原版,Ancient,18,16,0.8888888888888888,0.672002348698212,0.9689804773543876,0.3195160949708872,18.0,,,9,7,0.7777777777777778,,,4,4,1.0,,
SEAL_OF_GOLD,黄金印,原版,Ancient,35,31,0.8857142857142857,0.7404853135378618,0.9546482066690264,0.316341491796284,18,,,16,13,0.8125,,,8,7,0.875,,
CLAWS,利爪,原版,Ancient,25,22,0.88,0.7004420607907267,0.9583318284955964,0.31062720608199834,34,,,10,9,0.9,,,5,4,0.8,,
TOASTY_MITTENS,烘焙手套,原版,Ancient,49,43,0.8775510204081632,0.7575560270624347,0.9426517420975983,0.3081782264901616,18,,,8,7,0.875,,,13,10,0.7692307692307693,,
DIAMOND_DIADEM,钻石头冠,原版,Ancient,49,43,0.8775510204081632,0.7575560270624347,0.9426517420975983,0.3081782264901616,34,,,17,14,0.8235294117647058,,,11,9,0.8181818181818182,,
LORDS_PARASOL,领主阳伞,原版,Ancient,31,27,0.8709677419354839,0.7114759374369357,0.9486571562537085,0.3015949480174822,34,,,13,10,0.7692307692307693,,,3,3,1.0,,
TOUCH_OF_OROBAS,欧洛巴斯之触,原版,Ancient,270,235,0.8703703703703703,0.8250535018354868,0.9052960984818121,0.3009975764523687,18.0,,,100,87,0.87,,,52,42,0.8076923076923077,,
WAR_HAMMER,战锤,原版,Ancient,61,53,0.8688524590163934,0.7619811980700654,0.932019227250999,0.29947966509839175,34,,,18,14,0.7777777777777778,,,11,10,0.9090909090909091,,
TOY_BOX,玩具盒,原版,Ancient,43,37,0.8604651162790697,0.7273641203261714,0.9344427657203511,0.2910923223610681,18,,,16,13,0.8125,,,12,11,0.9166666666666666,,
CHOICES_PARADOX,选择悖论,原版,Ancient,78,67,0.8589743589743589,0.7648602182063984,0.9193895594361288,0.28960156505635726,34.0,,,25,19,0.76,,,16,15,0.9375,,
SEA_GLASS,海玻璃,原版,Ancient,7,6,0.8571428571428571,0.4868721707256811,0.9743203756552565,0.28777006322485543,18,,,2,1,0.5,,,3,3,1.0,,
NUTRITIOUS_SOUP,营养汤,原版,Ancient,105,90,0.8571428571428571,0.7776004677299959,0.9114751916063542,0.28777006322485543,18,,,42,35,0.8333333333333334,,,11,9,0.8181818181818182,,
TANXS_WHISTLE,坦克斯的哨子,原版,Ancient,34,29,0.8529411764705882,0.6987194350454783,0.9355055855521753,0.28356838255258654,34.0,,,10,9,0.9,,,4,3,0.75,,
BLACK_STAR,黑星,原版,Ancient,50,42,0.84,0.7148578393696501,0.916625793219666,0.2706272060819983,18.0,,,20,16,0.8,,,5,5,1.0,,
WHISPERING_EARRING,低语耳环,原版,Ancient,41,34,0.8292682926829268,0.6873738759959581,0.91474748022405,0.2598954987649251,34,,,18,16,0.8888888888888888,,,7,4,0.5714285714285714,,
BRILLIANT_SCARF,艳丽围巾,原版,Ancient,62,51,0.8225806451612904,0.7095843311430364,0.8979356223399492,0.2532078512432887,34.0,,,28,22,0.7857142857142857,,,13,9,0.6923076923076923,,
CALLING_BELL,召唤铃铛,原版,Ancient,28,23,0.8214285714285714,0.6440857521065705,0.9212149805439572,0.25205577751056973,18.0,,,14,12,0.8571428571428571,,,3,2,0.6666666666666666,,
ASTROLABE,星盘,原版,Ancient,33,27,0.8181818181818182,0.6561176836533009,0.9138923179105933,0.24880902426381657,18,,,13,8,0.6153846153846154,,,10,9,0.9,,
PRISMATIC_GEM,棱彩宝石,原版,Ancient,11,9,0.8181818181818182,0.523019438039156,0.9486323102539149,0.24880902426381657,18,,,4,3,0.75,,,1,1,1.0,,
VERY_HOT_COCOA,烫嘴可可,原版,Ancient,176,143,0.8125,0.7483909809097895,0.8632588617979058,0.24312720608199834,18.0,,,62,45,0.7258064516129032,,,37,30,0.8108108108108109,,
JEWELRY_BOX,珠宝盒,原版,Ancient,53,43,0.8113207547169812,0.6864154091329746,0.8941467489231409,0.2419479607989795,34,,,22,18,0.8181818181818182,,,5,4,0.8,,
CROSSBOW,十字弓,原版,Ancient,37,30,0.8108108108108109,0.6579530307016159,0.9052002126968799,0.2414380168928092,34,,,13,9,0.6923076923076923,,,8,7,0.875,,
SOZU,添水,原版,Ancient,10,8,0.8,0.49016247153664183,0.9433178485456247,0.23062720608199838,18.0,,,5,5,1.0,,,3,1,0.3333333333333333,,
PUMPKIN_CANDLE,南瓜蜡烛,原版,Ancient,46,36,0.782608695652174,0.6442631262842105,0.8773909467543746,0.21323590173417228,18.0,,,24,20,0.8333333333333334,,,5,1,0.2,,
PAELS_LEGION,佩尔的士兵,原版,Ancient,77,60,0.7792207792207793,0.6745693253831342,0.857335969589013,0.2098479853027776,18,,,24,18,0.75,,,11,8,0.7272727272727273,,
SAND_CASTLE,沙堡,原版,Ancient,13,10,0.7692307692307693,0.49743624053272495,0.9182047128150143,0.1998579753127676,18,,,5,3,0.6,,,2,2,1.0,,
GOLDEN_COMPASS,黄金罗盘,原版,Ancient,58,44,0.7586206896551724,0.6347001974698658,0.8504112564333051,0.1892478957371707,18.0,,,20,14,0.7,,,10,7,0.7,,
PAELS_FLESH,佩尔之肉,原版,Ancient,126,95,0.753968253968254,0.6719921977689551,0.820916620271833,0.1845954600502523,18.0,,,52,34,0.6538461538461539,,,15,11,0.7333333333333333,,
FIDDLE,小提琴,原版,Ancient,16,12,0.75,0.5050168346449122,0.8981793250878696,0.18062720608199834,34.0,,,11,8,0.7272727272727273,,,0,0,,,
PAELS_HORN,佩尔之角,原版,Ancient,31,23,0.7419354838709677,0.5675386419056621,0.8629829409360625,0.1725626899529661,18,,,10,4,0.4,,,4,3,0.75,,
PAELS_TOOTH,佩尔之牙,原版,Ancient,46,34,0.7391304347826086,0.597408464719844,0.843991135543574,0.16975764086460698,18.0,,,14,9,0.6428571428571429,,,7,4,0.5714285714285714,,
PAELS_BLOOD,佩尔之血,原版,Ancient,126,93,0.7380952380952381,0.6550979653395279,0.8070040515737109,0.16872244417723647,18.0,,,45,27,0.6,,,21,17,0.8095238095238095,,
BIIIG_HUG,大～抱抱,原版,Ancient,34,25,0.7352941176470589,0.5688285871705534,0.8539880932278825,0.1659213237290572,18.0,,,8,5,0.625,,,7,4,0.5714285714285714,,
PAELS_CLAW,佩尔之爪,原版,Ancient,52,38,0.7307692307692307,0.5974778016637287,0.8323103970483349,0.16139643685122906,18.0,,,20,15,0.75,,,7,4,0.5714285714285714,,
PAELS_GROWTH,佩尔的增生组织,原版,Ancient,44,32,0.7272727272727273,0.5815112690754881,0.8365361837615662,0.15789993335472563,18.0,,,18,11,0.6111111111111112,,,6,5,0.8333333333333334,,
MEAT_CLEAVER,切肉刀,原版,Ancient,202,144,0.7128712871287128,0.646965818476038,0.7708314537193243,0.14349849321071118,1.0,,,67,41,0.6119402985074627,,,44,32,0.7272727272727273,,
DUSTY_TOME,尘封魔典,原版,Ancient,137,97,0.708029197080292,0.6270518074528381,0.7776585702816537,0.13865640316229033,18,,,46,26,0.5652173913043478,,,29,22,0.7586206896551724,,
PAELS_WING,佩尔之翼,原版,Ancient,109,75,0.6880733944954128,0.5959527795002422,0.7673888542263236,0.11870060057741116,18,,,33,20,0.6060606060606061,,,20,12,0.6,,
PAELS_TEARS,佩尔之泪,原版,Ancient,115,79,0.6869565217391305,0.5973204854580024,0.7645061062609501,0.1175837278211288,18,,,55,31,0.5636363636363636,,,17,14,0.8235294117647058,,
EMPTY_CAGE,空鸟笼,原版,Ancient,35,24,0.6857142857142857,0.5202023638793081,0.8144915532573418,0.11634149179628406,18,,,15,11,0.7333333333333333,,,7,2,0.2857142857142857,,
YUMMY_COOKIE,美味饼干,原版,Ancient,175,120,0.6857142857142857,0.6135709283262377,0.749879473099803,0.11634149179628406,18,,,71,44,0.6197183098591549,,,25,14,0.56,,
NEOWS_TALISMAN,涅奥的护符,原版,Ancient,65,43,0.6615384615384615,0.5403837691551205,0.7646649668790333,0.09216566762045986,1,,,29,15,0.5172413793103449,,,7,4,0.5714285714285714,,
POMANDER,橙型香盒,原版,Ancient,93,61,0.6559139784946236,0.5549092077246491,0.7445493129663152,0.08654118457662197,1,,,32,17,0.53125,,,15,9,0.6,,
SILKEN_TRESS,华美发束,原版,Ancient,205,132,0.6439024390243903,0.5762582703731653,0.7062526847464112,0.0745296451063886,1,,,81,45,0.5555555555555556,,,41,23,0.5609756097560976,,
NEOWS_BONES,涅奥骨骰,原版,Ancient,147,94,0.6394557823129252,0.5591967089601741,0.7126118529600396,0.07008298839492355,1,,,53,31,0.5849056603773585,,,31,17,0.5483870967741935,,
ELECTRIC_SHRYMP,放电异虾,原版,Ancient,22,14,0.6363636363636364,0.42951708090131013,0.8026679532963387,0.06699084244563469,18.0,,,8,5,0.625,,,2,1,0.5,,
PANDORAS_BOX,潘多拉魔盒,原版,Ancient,43,27,0.627906976744186,0.47859809159688477,0.7562366099034943,0.05853418282618439,18,,,15,10,0.6666666666666666,,,10,3,0.3,,
WINGED_BOOTS,羽翼之靴,原版,Ancient,91,57,0.6263736263736264,0.5237596521778156,0.7187503248511486,0.057000832455624706,1,,,31,16,0.5161290322580645,,,18,11,0.6111111111111112,,
STORYBOOK,故事书,原版,Ancient,40,25,0.625,0.47032439137301096,0.7577702083276673,0.05562720608199834,18.0,,,12,9,0.75,,,9,5,0.5555555555555556,,
SCROLL_BOXES,卷轴箱,原版,Ancient,145,90,0.6206896551724138,0.5395617306166215,0.6955878055227932,0.05131686125441215,1,,,58,27,0.46551724137931033,,,27,20,0.7407407407407407,,
NEOWS_SACRIFICE,涅奥的牺牲,原版,Ancient,42,26,0.6190476190476191,0.4681404026715268,0.7500027423604485,0.049674825129617406,1.0,,,11,7,0.6363636363636364,,,8,4,0.5,,
SILVER_CRUCIBLE,白银熔炉,原版,Ancient,194,120,0.6185567010309279,0.5485302943097695,0.6839791113234063,0.049183907112926195,1.0,,,60,32,0.5333333333333333,,,37,21,0.5675675675675675,,
LEAD_PAPERWEIGHT,铅制镇纸,原版,Ancient,112,69,0.6160714285714286,0.5235748200728699,0.7008698672151611,0.04669863465342694,1.0,,,47,27,0.574468085106383,,,27,14,0.5185185185185185,,
FISHING_ROD,钓鱼竿,原版,Ancient,152,93,0.6118421052631579,0.5325234060918937,0.6856470362107494,0.04246931134515619,1.0,,,71,39,0.5492957746478874,,,26,12,0.46153846153846156,,
PHIAL_HOLSTER,药瓶皮套,原版,Ancient,110,67,0.6090909090909091,0.5156993628097574,0.6951201422160979,0.039718115172907464,1.0,,,44,24,0.5454545454545454,,,17,8,0.47058823529411764,,
STONE_HUMIDIFIER,石炉加湿器,原版,Ancient,73,44,0.6027397260273972,0.4880741402294003,0.7071329814235315,0.033366932109395564,1,,,38,22,0.5789473684210527,,,9,6,0.6666666666666666,,
SNECKO_EYE,异蛇之眼,原版,Ancient,5,3,0.6,0.2307242812760128,0.882379225767352,0.030627206081998315,34,,,0,0,,,,2,1,0.5,,
ALCHEMICAL_COFFER,炼金箱,原版,Ancient,10,6,0.6,0.31267376973365824,0.8318196702937638,0.030627206081998315,18.0,,,5,2,0.4,,,1,1,1.0,,
SMALL_CAPSULE,小型扭蛋,原版,Ancient,87,51,0.5862068965517241,0.4812159672619939,0.6839068763683301,0.016834102633722425,1,,,41,18,0.43902439024390244,,,11,6,0.5454545454545454,,
DOWSING_ROD,寻龙尺,原版,Ancient,111,65,0.5855855855855856,0.4925800538625369,0.672865423712468,0.016212791667583937,1,,,42,22,0.5238095238095238,,,22,13,0.5909090909090909,,
GLASS_EYE,玻璃眼珠,原版,Ancient,24,14,0.5833333333333334,0.3883466586522876,0.7553239739018824,0.013960539415331708,18.0,,,8,3,0.375,,,6,4,0.6666666666666666,,
KALEIDOSCOPE,万花筒,原版,Ancient,91,53,0.5824175824175825,0.47977166187867143,0.6783870187923923,0.013044788499580795,1,,,36,16,0.4444444444444444,,,25,15,0.6,,
NUTRITIOUS_OYSTER,营养牡蛎,原版,Ancient,70,40,0.5714285714285714,0.45477836559850204,0.6806469112000313,0.002055777510569734,1.0,,,30,17,0.5666666666666667,,,11,6,0.5454545454545454,,
NEOWS_TORMENT,涅奥的苦痛,原版,Ancient,69,39,0.5652173913043478,0.44788403615274297,0.6756719736486849,-0.00415540261365388,1,,,27,12,0.4444444444444444,,,10,6,0.6,,
GOLDEN_PEARL,金色珍珠,原版,Ancient,179,101,0.5642458100558659,0.49101035665171616,0.6347816827924411,-0.0051269838621357255,1,,,72,33,0.4583333333333333,,,33,18,0.5454545454545454,,
LOST_COFFER,失物盒,原版,Ancient,133,75,0.5639097744360902,0.47900947245434217,0.6452218836456789,-0.005463019481911413,1,,,52,25,0.4807692307692308,,,31,15,0.4838709677419355,,
BOOMING_CONCH,轰鸣海螺,原版,Ancient,141,79,0.5602836879432624,0.47783544408098877,0.639534265796382,-0.00908910597473922,1,,,66,25,0.3787878787878788,,,22,18,0.8181818181818182,,
PRECARIOUS_SHEARS,松动羊毛剪,原版,Ancient,159,88,0.5534591194968553,0.4758323313246307,0.6285636874970798,-0.01591367442114633,1,,,55,31,0.5636363636363636,,,39,19,0.48717948717948717,,
PAELS_EYE,佩尔之眼,原版,Ancient,29,16,0.5517241379310345,0.37547963210970914,0.7158683197696281,-0.017648655986967188,18,,,10,3,0.3,,,5,4,0.8,,
LEAFY_POULTICE,树叶药膏,原版,Ancient,174,96,0.5517241379310345,0.4775071062827123,0.6237066383601959,-0.017648655986967188,1.0,,,54,26,0.48148148148148145,,,45,24,0.5333333333333333,,
HEFTY_TABLET,沉重石板,原版,Ancient,232,128,0.5517241379310345,0.4874055821463162,0.6143576961170139,-0.017648655986967188,1.0,,,81,41,0.5061728395061729,,,54,25,0.46296296296296297,,
NEW_LEAF,新叶,原版,Ancient,184,101,0.5489130434782609,0.47674598789022254,0.6190795029945244,-0.020459750439740798,1.0,,,70,33,0.4714285714285714,,,42,20,0.47619047619047616,,
CURSED_PEARL,诅咒珍珠,原版,Ancient,150,82,0.5466666666666666,0.4668277632715898,0.6241750139207229,-0.02270612725133503,1.0,,,49,24,0.4897959183673469,,,38,25,0.6578947368421053,,
LARGE_CAPSULE,巨大扭蛋,原版,Ancient,106,56,0.5283018867924528,0.4339517346801943,0.6206724487967789,-0.04107090712554884,1.0,,,50,19,0.38,,,17,9,0.5294117647058824,,
ARCANE_SCROLL,奥术卷轴,原版,Ancient,262,134,0.5114503816793893,0.4511959909953636,0.5713738520479928,-0.057922412238612386,1.0,,,111,56,0.5045045045045045,,,43,15,0.3488372093023256,,
RADIANT_PEARL,发光珍珠,原版,Ancient,4,2,0.5,0.15003898915214947,0.8499610108478506,-0.06937279391800166,18.0,,,0,0,,,,3,2,0.6666666666666666,,
LAVA_ROCK,熔岩石,原版,Ancient,61,28,0.45901639344262296,0.3401293229385576,0.5827595186924353,-0.1103564004753787,1,,,35,14,0.4,,,9,5,0.5555555555555556,,
PRECISE_SCISSORS,精准剪刀,原版,Ancient,119,54,0.453781512605042,0.36717453925202004,0.5432791454762266,-0.11559128131295965,1,,,53,19,0.3584905660377358,,,22,9,0.4090909090909091,,
VELVET_CHOKER,天鹅绒颈圈,原版,Ancient,3,1,0.3333333333333333,0.06149194472039621,0.7923403991979522,-0.23603946058466835,18,,,2,1,0.5,,,0,0,,,
SNECKO_SKULL,异蛇头骨,原版,Common,1,1,1.0,0.20654931437723745,1.0,0.43062720608199834,38,,,1,1,1.0,,,0,0,,,
ANCHOR,锚,原版,Common,650,562,0.8646153846153846,0.8361612949048752,0.8887850871354032,0.2952425906973829,27.0,1,27,207,168,0.8115942028985508,6,27,126,105,0.8333333333333334,6,27
STRIKE_DUMMY,打击木偶,原版,Common,562,484,0.8612099644128114,0.8301661891033982,0.8873492804172873,0.29183717049480973,27.0,2,27,182,151,0.8296703296703297,3,27,117,103,0.8803418803418803,1,27
LANTERN,灯笼,原版,Common,704,602,0.8551136363636364,0.8271847201832477,0.8791881459003942,0.2857408424456347,27.0,3,27,233,196,0.8412017167381974,2,27,132,107,0.8106060606060606,13,27
MGR_MOD_RELIC_GUITAR_PICK,吉他拨片,MGR,Common,585,498,0.8512820512820513,0.8201604316656962,0.8778203131397609,0.2819092573640496,28,4,27,187,159,0.8502673796791443,1,27,131,109,0.8320610687022901,7,27
WHETSTONE,磨刀石,原版,Common,644,546,0.8478260869565217,0.8180277696916555,0.8734994456482242,0.27845329303852007,27.0,5,27,223,181,0.8116591928251121,5,27,121,99,0.8181818181818182,11,27
BRONZE_SCALES,铜质鳞片,原版,Common,586,495,0.8447098976109215,0.8131503434104957,0.8717794694374207,0.27533710369291986,26.0,6,27,202,157,0.7772277227722773,12,27,115,96,0.8347826086956521,5,27
CENTENNIAL_PUZZLE,百年积木,原版,Common,614,518,0.8436482084690554,0.8127940286469175,0.8702290899464726,0.27427541455105375,28.0,7,27,203,167,0.8226600985221675,4,27,119,101,0.8487394957983193,3,27
PENDULUM,摆动球,原版,Common,594,496,0.835016835016835,0.8030339599794176,0.8626943767356328,0.26564404109883333,27.0,8,27,207,160,0.7729468599033816,13,27,121,102,0.8429752066115702,4,27
BAG_OF_PREPARATION,准备背包,原版,Common,723,603,0.8340248962655602,0.8051537252539068,0.8593653306398933,0.26465210234755854,26,9,27,236,184,0.7796610169491526,10,27,142,117,0.823943661971831,9,27
POTION_BELT,药水腰带,原版,Common,638,532,0.8338557993730408,0.8029930646137657,0.8607222410050446,0.2644830054550391,28.0,10,27,223,176,0.7892376681614349,7,27,118,98,0.8305084745762712,8,27
ODDLY_SMOOTH_STONE,意外光滑的石头,原版,Common,621,517,0.8325281803542673,0.8011350763888606,0.8598325885600738,0.2631553864362657,26,11,27,211,161,0.7630331753554502,17,27,114,97,0.8508771929824561,2,27
VAJRA,金刚杵,原版,Common,651,540,0.8294930875576036,0.7986911176012366,0.8564292847822461,0.260120293639602,26,12,27,201,147,0.7313432835820896,22,27,122,100,0.819672131147541,10,27
HAPPY_FLOWER,开心小花,原版,Common,680,563,0.8279411764705882,0.7977506427222123,0.8544473108343633,0.2585683825525865,26.5,13,27,229,178,0.777292576419214,11,27,134,105,0.7835820895522388,18,27
FESTIVE_POPPER,节日拉炮,原版,Common,534,441,0.8258426966292135,0.7913801088898353,0.8556507108670635,0.25646990271121184,26.0,14,27,186,142,0.7634408602150538,16,27,108,85,0.7870370370370371,17,27
RED_MASK,红面具,原版,Common,613,506,0.8254486133768353,0.7933984447052349,0.8534452365914578,0.2560758194588336,26,15,27,206,159,0.7718446601941747,14,27,101,77,0.7623762376237624,20,27
VENERABLE_TEA_SET,古茶具套装,原版,Common,597,491,0.8224455611390284,0.7897591842120042,0.8510088492650156,0.2530727672210268,27,16,27,202,159,0.7871287128712872,8,27,105,82,0.780952380952381,19,27
WAR_PAINT,战纹涂料,原版,Common,700,573,0.8185714285714286,0.7883093872370852,0.845356041831679,0.24919863465342695,27.0,17,27,233,176,0.7553648068669528,21,27,125,102,0.816,12,27
GORGET,护喉甲,原版,Common,639,520,0.8137715179968701,0.7817447979283928,0.8420481987704241,0.24439872407886842,27,18,27,214,163,0.7616822429906542,19,27,109,83,0.7614678899082569,21,27
STRAWBERRY,草莓,原版,Common,601,489,0.8136439267886856,0.780555582122306,0.8427482514724776,0.24427113287068392,26,19,27,197,154,0.7817258883248731,9,27,124,99,0.7983870967741935,16,27
MGR_MOD_RELIC_BOOK_OF_GRUDGES,记仇小本本,MGR,Common,439,357,0.8132118451025057,0.774093842461832,0.8468958921766925,0.243839051184504,23,20,27,156,118,0.7564102564102564,20,27,77,62,0.8051948051948052,15,27
BLOOD_VIAL,小血瓶,原版,Common,610,493,0.8081967213114755,0.7750620411904906,0.837473972135112,0.2388239273934738,26.0,21,27,215,165,0.7674418604651163,15,27,103,83,0.8058252427184466,14,27
BAG_OF_MARBLES,弹珠袋,原版,Common,603,485,0.8043117744610282,0.7707617326481181,0.8340090763753948,0.23493898054302653,26,22,27,210,152,0.7238095238095238,23,27,112,81,0.7232142857142857,24,27
REGAL_PILLOW,皇家枕头,原版,Common,603,480,0.7960199004975125,0.7620310961775942,0.8262609442076758,0.22664710657951082,26,23,27,198,151,0.7626262626262627,18,27,103,78,0.7572815533980582,22,27
MEAL_TICKET,餐券,原版,Common,432,336,0.7777777777777778,0.7362221528361146,0.8144367969787913,0.20840498385977613,22.0,24,27,150,104,0.6933333333333334,25,27,79,57,0.7215189873417721,25,27
JUZU_BRACELET,佛珠手链,原版,Common,459,354,0.7712418300653595,0.7306582129433251,0.8073229796543399,0.20186903614735785,24,25,27,153,107,0.6993464052287581,24,27,72,51,0.7083333333333334,26,27
AMETHYST_AUBERGINE,紫水晶茄子,原版,Common,411,310,0.754257907542579,0.710407397460425,0.7933995281880926,0.18488511362457738,15,26,27,141,96,0.6808510638297872,26,27,84,55,0.6547619047619048,27,27
BOOK_OF_FIVE_RINGS,五轮书,原版,Common,391,294,0.7519181585677749,0.7067958007003102,0.7921386338658983,0.18254536464977322,22,27,27,125,85,0.68,27,27,90,67,0.7444444444444445,23,27
FAKE_MERCHANTS_RUG,商人的地毯？？？,原版,Event,13,13,1.0,0.7719046276458016,0.9999999999999999,0.43062720608199834,37,,,5,5,1.0,,,3,3,1.0,,
WONGO_CUSTOMER_APPRECIATION_BADGE,旺购客户感恩徽章,原版,Event,1,1,1.0,0.20654931437723745,1.0,0.43062720608199834,44,,,0,0,,,,0,0,,,
HISTORY_COURSE,历史课,原版,Event,85,82,0.9647058823529412,0.9012995216039354,0.987924958145358,0.39533308843493953,37,,,35,33,0.9428571428571428,,,15,14,0.9333333333333333,,
FAKE_VENERABLE_TEA_SET,古茶具套装？？？,原版,Event,161,147,0.9130434782608695,0.8593399178381436,0.9474959410016546,0.34367068434286785,36,,,57,50,0.8771929824561403,,,25,22,0.88,,
FORGOTTEN_SOUL,遗忘之魂,原版,Event,100,91,0.91,0.837737871472837,0.9519274599974348,0.34062720608199837,39.0,,,29,27,0.9310344827586207,,,16,13,0.8125,,
FAKE_ANCHOR,锚？？？,原版,Event,108,98,0.9074074074074074,0.8379014075477644,0.9489266696957817,0.3380346134894058,37.0,,,43,39,0.9069767441860465,,,21,19,0.9047619047619048,,
POLLINOUS_CORE,花粉核心,原版,Event,82,74,0.9024390243902439,0.819127942385788,0.9497313117173021,0.33306623047224226,23.0,,,27,26,0.9629629629629629,,,21,17,0.8095238095238095,,
FAKE_MANGO,芒果？？？,原版,Event,108,97,0.8981481481481481,0.8267749385359173,0.9421706824066391,0.3287753542301465,37.0,,,46,41,0.8913043478260869,,,13,12,0.9230769230769231,,
FAKE_HAPPY_FLOWER,开心小花？？？,原版,Event,173,155,0.8959537572254336,0.8415380298880826,0.9331671829823291,0.3265809633074319,36,,,60,51,0.85,,,30,27,0.9,,
SWORD_OF_JADE,玉之剑,原版,Event,102,91,0.8921568627450981,0.8171406779024611,0.9387068027669795,0.3227840688270964,31.0,,,28,23,0.8214285714285714,,,19,17,0.8947368421052632,,
FRAGRANT_MUSHROOM,芳香蘑菇,原版,Event,259,231,0.8918918918918919,0.8481906008306535,0.9241380908103525,0.3225190979738902,39,,,80,67,0.8375,,,57,50,0.8771929824561403,,
FAKE_LEES_WAFFLE,李家华夫饼？？？,原版,Event,64,57,0.890625,0.7910135867310387,0.945998866555832,0.32125220608199834,36.5,,,29,24,0.8275862068965517,,,8,7,0.875,,
FAKE_ORICHALCUM,奥利哈钢？？？,原版,Event,43,38,0.8837209302325582,0.7552083818991787,0.9492957226019584,0.3143481363145565,37,,,17,15,0.8823529411764706,,,7,6,0.8571428571428571,,
MR_STRUGGLES,抱抱先生,原版,Event,76,67,0.881578947368421,0.7900078224920806,0.9364318099582094,0.31220615345041935,22.0,,,31,25,0.8064516129032258,,,12,12,1.0,,
ROYAL_POISON,王室猛毒,原版,Event,15,13,0.8666666666666667,0.6211801716767764,0.9626387408969346,0.29729387274866503,44,,,6,6,1.0,,,3,3,1.0,,
FAKE_STRIKE_DUMMY,打击木偶？？？,原版,Event,37,32,0.8648648648648649,0.7202258821599021,0.9408670557426799,0.29549207094686325,36,,,17,15,0.8823529411764706,,,4,2,0.5,,
FAKE_BLOOD_VIAL,小血瓶？？？,原版,Event,100,86,0.86,0.7786281178903616,0.9147365634006086,0.2906272060819983,31.0,,,47,37,0.7872340425531915,,,14,13,0.9285714285714286,,
BIG_MUSHROOM,大蘑菇,原版,Event,55,46,0.8363636363636363,0.7173625426094283,0.9114457966390772,0.26699084244563465,39,,,24,21,0.875,,,9,6,0.6666666666666666,,
DAUGHTER_OF_THE_WIND,风的女儿,原版,Event,122,101,0.8278688524590164,0.7511503474511101,0.8845701913101931,0.25849605854101476,23.0,,,43,35,0.813953488372093,,,25,18,0.72,,
LOST_WISP,迷失鬼火,原版,Event,46,38,0.8260869565217391,0.692766462836215,0.9091420829775368,0.2567141626037375,22.0,,,14,10,0.7142857142857143,,,12,10,0.8333333333333334,,
MAW_BANK,巨口储蓄罐,原版,Event,20,16,0.8,0.5839825677481064,0.919342337420202,0.23062720608199838,7.0,,,7,5,0.7142857142857143,,,3,3,1.0,,
FAKE_SNECKO_EYE,异蛇之眼？？？,原版,Event,5,4,0.8,0.37553462976252533,0.9637758913675698,0.23062720608199838,36,,,1,1,1.0,,,3,2,0.6666666666666666,,
WONGOS_MYSTERY_TICKET,旺购神秘券,原版,Event,40,32,0.8,0.652426936536005,0.895000102745623,0.23062720608199838,22.0,,,18,14,0.7777777777777778,,,6,3,0.5,,
EMBER_TEA,余烬茶,原版,Event,36,27,0.75,0.5892954623327166,0.8624952233700517,0.18062720608199834,15.5,,,24,18,0.75,,,1,1,1.0,,
TEA_OF_DISCOURTESY,无礼之茶,原版,Event,166,120,0.7228915662650602,0.650350446117743,0.7853500036653907,0.15351877234705857,15.0,,,60,41,0.6833333333333333,,,29,17,0.5862068965517241,,
CHOSEN_CHEESE,天选芝士,原版,Event,304,207,0.680921052631579,0.6265451424929228,0.7307816465022879,0.11154825871357732,11.0,,,126,82,0.6507936507936508,,,46,29,0.6304347826086957,,
BING_BONG,宾邦,原版,Event,37,25,0.6756756756756757,0.514636672419722,0.8036673347185581,0.106302881757674,27,,,14,8,0.5714285714285714,,,5,4,0.8,,
BONE_TEA,骨茶,原版,Event,118,76,0.6440677966101694,0.5543884587811645,0.7246626977716761,0.07469500269216778,13.0,,,54,30,0.5555555555555556,,,14,9,0.6428571428571429,,
DARKSTONE_PERIAPT,黑石护符,原版,Event,19,12,0.631578947368421,0.41039533164803066,0.8085048725486492,0.062206153450419355,5,,,4,2,0.5,,,6,3,0.5,,
DREAM_CATCHER,捕梦网,原版,Event,21,13,0.6190476190476191,0.4087865377511576,0.7924898863143551,0.049674825129617406,4,,,11,8,0.7272727272727273,,,6,3,0.5,,
THE_BOOT,发条靴,原版,Event,25,15,0.6,0.40739457358967,0.7659669762225203,0.030627206081998315,4,,,10,5,0.5,,,4,2,0.5,,
BYRDPIP,异鸟宝宝,原版,Event,22,13,0.5909090909090909,0.3873481847631513,0.7674418380352814,0.021536296991089277,10.0,,,7,3,0.42857142857142855,,,4,3,0.75,,
HAND_DRILL,手钻,原版,Event,30,17,0.5666666666666667,0.3919730700081361,0.7262251442353347,-0.002706127251335011,6.0,,,11,6,0.5454545454545454,,,6,4,0.6666666666666666,,
FRESNEL_LENS,菲涅耳透镜,原版,Event,99,54,0.5454545454545454,0.4475069462953531,0.6400063980621171,-0.02391824846345625,6,,,38,16,0.42105263157894735,,,17,10,0.5882352941176471,,
SWORD_OF_STONE,石之剑,原版,Event,211,109,0.5165876777251185,0.44946835471510027,0.5831138109359074,-0.052785116192883175,5,,,82,35,0.4268292682926829,,,32,18,0.5625,,
CIRCLET,头环,原版,None,5,4,0.8,0.37553462976252533,0.9637758913675698,0.23062720608199838,33,,,1,1,1.0,,,1,1,1.0,,
DEPRECATED_RELIC,弃用遗物,原版,None,3,2,0.6666666666666666,0.2076596008020477,0.9385080552796037,0.09729387274866497,5,,,3,2,0.6666666666666666,,,0,0,,,
DEMON_TONGUE,恶魔之舌,原版,Rare,1,1,1.0,0.20654931437723745,1.0,0.43062720608199834,39,,,1,1,1.0,,,0,0,,,
POWER_CELL,能量电池,原版,Rare,1,1,1.0,0.20654931437723745,1.0,0.43062720608199834,36,,,1,1,1.0,,,0,0,,,
BEATING_REMNANT,律动残余,原版,Rare,150,139,0.9266666666666666,0.8734642066329596,0.9585611848396149,0.357293872748665,28.5,1,38,55,49,0.8909090909090909,2,38,29,27,0.9310344827586207,1,35
BELLOWS,风箱,原版,Rare,143,127,0.8881118881118881,0.8259716947868067,0.929945611479814,0.31873909419388646,30,2,38,46,38,0.8260869565217391,15,38,19,17,0.8947368421052632,,
RAZOR_TOOTH,剃刀牙,原版,Rare,163,144,0.8834355828220859,0.8251202631536756,0.9240939962010002,0.31406278890408423,29,3,38,51,44,0.8627450980392157,6,38,29,23,0.7931034482758621,16,35
RAINBOW_RING,彩虹戒指,原版,Rare,156,137,0.8782051282051282,0.8176065248011265,0.9206249757782646,0.30883233428712653,29.5,4,38,62,54,0.8709677419354839,4,38,27,21,0.7777777777777778,19,35
MGR_MOD_RELIC_MGR_FUMO,Fumo,MGR,Rare,143,125,0.8741258741258742,0.8098019533303097,0.9188750896474237,0.3047530802078725,29,5,38,42,39,0.9285714285714286,1,38,30,23,0.7666666666666667,21,35
SHURIKEN,手里剑,原版,Rare,191,166,0.8691099476439791,0.8139182587885877,0.909747027097808,0.2997371537259774,29,6,38,66,55,0.8333333333333334,12,38,32,26,0.8125,12,35
CAPTAINS_WHEEL,舵盘,原版,Rare,195,169,0.8666666666666667,0.8118061821518381,0.9073597344940998,0.29729387274866503,26,7,38,54,47,0.8703703703703703,5,38,48,36,0.75,24,35
CHANDELIER,吊灯,原版,Rare,170,147,0.8647058823529412,0.8051674349608805,0.9081261650882179,0.29533308843493955,26.5,8,38,54,44,0.8148148148148148,18,38,27,22,0.8148148148148148,11,35
MGR_MOD_RELIC_LITTLE_ANGEL,小天使,MGR,Rare,118,102,0.864406779661017,0.7910519425571667,0.9147833357823714,0.2950339857430153,27.0,9,38,42,36,0.8571428571428571,7,38,26,22,0.8461538461538461,6,35
MGR_MOD_RELIC_YOUR_STAGE,“你的舞台”,MGR,Rare,134,115,0.8582089552238806,0.7891423611607532,0.9073099313594385,0.28883616130587897,31.0,10,38,35,29,0.8285714285714286,13,38,29,22,0.7586206896551724,23,35
CLOAK_CLASP,斗篷扣,原版,Rare,146,125,0.8561643835616438,0.7901083366787386,0.9039585845760142,0.28679158964364215,29.0,11,38,44,36,0.8181818181818182,17,38,34,26,0.7647058823529411,22,35
TUNGSTEN_ROD,钨合金棍,原版,Rare,145,124,0.8551724137931035,0.7887296914856833,0.9032818005817368,0.28579961987510183,30,12,38,39,31,0.7948717948717948,21,38,39,34,0.8717948717948718,3,35
MANGO,芒果,原版,Rare,189,160,0.8465608465608465,0.788322878359742,0.8909916259025654,0.27718805264284485,27,13,38,68,56,0.8235294117647058,16,38,28,23,0.8214285714285714,10,35
ICE_CREAM,冰淇淋,原版,Rare,210,177,0.8428571428571429,0.787532454788261,0.8858636246910876,0.2734843489391412,30.0,14,38,69,58,0.8405797101449275,10,38,50,37,0.74,28,35
STURDY_CLAMP,坚固钳子,原版,Rare,176,148,0.8409090909090909,0.7796770082722366,0.8875773655907038,0.2715362969910893,26.0,15,38,61,47,0.7704918032786885,23,38,35,28,0.8,13,35
INTIMIDATING_HELMET,骇人头盔,原版,Rare,169,142,0.8402366863905325,0.7775323772921549,0.8878172488024797,0.27086389247253084,27,16,38,58,48,0.8275862068965517,14,38,30,24,0.8,14,35
VEXING_PUZZLEBOX,烦人机关盒,原版,Rare,130,109,0.8384615384615385,0.7656455219792079,0.8918488058276387,0.2690887445435368,28.0,17,38,51,45,0.8823529411764706,3,38,27,20,0.7407407407407407,27,35
THE_COURIER,送货员,原版,Rare,185,155,0.8378378378378378,0.7779462116353025,0.8839847053392805,0.26846504391983617,24,18,38,74,58,0.7837837837837838,22,38,38,32,0.8421052631578947,8,35
LIZARD_TAIL,蜥蜴尾巴,原版,Rare,177,148,0.8361581920903954,0.7746013647864038,0.8834335834827842,0.2667853981723938,26,19,38,67,54,0.8059701492537313,19,38,28,20,0.7142857142857143,30,35
GAMBLING_CHIP,赌博筹码,原版,Rare,163,136,0.8343558282208589,0.7697240494367311,0.8835907847205461,0.2649830343028572,28,20,38,61,49,0.8032786885245902,20,38,38,32,0.8421052631578947,7,35
MUMMIFIED_HAND,干瘪之手,原版,Rare,205,171,0.8341463414634146,0.7771813386962159,0.8788186757339871,0.26477354754541294,26,21,38,65,46,0.7076923076923077,30,38,42,36,0.8571428571428571,4,35
STONE_CALENDAR,历石,原版,Rare,149,124,0.8322147651006712,0.7640385092411148,0.883691503046597,0.2628419711826695,31,22,38,49,41,0.8367346938775511,11,38,22,17,0.7727272727272727,20,35
ART_OF_WAR,孙子兵法,原版,Rare,159,132,0.8301886792452831,0.7642074836821473,0.8805914560990067,0.2608158853272814,28,23,38,58,49,0.8448275862068966,9,38,34,23,0.6764705882352942,32,35
WHITE_BEAST_STATUE,白兽雕像,原版,Rare,98,81,0.826530612244898,0.7396490798496071,0.888778681703581,0.2571578183268963,24.0,24,38,33,23,0.696969696969697,33,38,20,18,0.9,2,35
UNCEASING_TOP,不休陀螺,原版,Rare,158,130,0.8227848101265823,0.7557966860904218,0.8744497337284142,0.25341201620858067,26.0,26,38,54,40,0.7407407407407407,25,38,32,25,0.78125,18,35
KUNAI,苦无,原版,Rare,158,130,0.8227848101265823,0.7557966860904218,0.8744497337284142,0.25341201620858067,28.0,25,38,46,35,0.7608695652173914,24,38,38,30,0.7894736842105263,17,35
UNSETTLING_LAMP,不安油灯,原版,Rare,162,133,0.8209876543209876,0.7547346079921342,0.8723703435655072,0.251614860402986,27.0,27,38,52,38,0.7307692307692307,26,38,28,24,0.8571428571428571,5,35
GIRYA,壶铃,原版,Rare,185,150,0.8108108108108109,0.7482707259835428,0.8607057176330737,0.2414380168928092,17,28,38,59,42,0.711864406779661,27,38,29,23,0.7931034482758621,15,35
MEAT_ON_THE_BONE,带骨肉,原版,Rare,151,122,0.8079470198675497,0.7377936254451245,0.8628207107172188,0.23857422594954802,26,29,38,46,39,0.8478260869565217,8,38,33,23,0.696969696969697,31,35
POCKETWATCH,怀表,原版,Rare,99,78,0.7878787878787878,0.6973865358285883,0.8568646451020564,0.21850599396078618,26,30,38,47,33,0.7021276595744681,31,38,15,12,0.8,,
OLD_COIN,古钱币,原版,Rare,122,96,0.7868852459016393,0.7060455734439186,0.8502098979722215,0.21751245198363767,22.0,31,38,43,30,0.6976744186046512,32,38,23,19,0.8260869565217391,9,35
WHITE_STAR,白星,原版,Rare,130,101,0.7769230769230769,0.6979992955195955,0.8399506090496425,0.20755028300507528,20.0,32,38,48,34,0.7083333333333334,29,38,32,24,0.75,25,35
PRAYER_WHEEL,转经轮,原版,Rare,172,132,0.7674418604651163,0.6988846621680654,0.8243139089596491,0.19806906654711465,20.0,33,38,59,42,0.711864406779661,28,38,27,20,0.7407407407407407,26,35
GAME_PIECE,棋子,原版,Rare,105,79,0.7523809523809524,0.6618966438611229,0.825050155403231,0.1830081584629507,26,34,38,46,31,0.6739130434782609,34,38,19,16,0.8421052631578947,,
SHOVEL,铲子,原版,Rare,169,125,0.7396449704142012,0.6686810872075686,0.7999564755199566,0.17027217649619952,17,35,38,61,38,0.6229508196721312,35,38,30,19,0.6333333333333333,33,35
MOLTEN_EGG,熔火之蛋,原版,Rare,198,126,0.6363636363636364,0.5673541354216028,0.7001825753984022,0.06699084244563469,8.0,36,38,63,31,0.49206349206349204,38,38,50,36,0.72,29,35
FROZEN_EGG,冻结之蛋,原版,Rare,215,135,0.627906976744186,0.5615816067044774,0.6897418870082188,0.05853418282618439,10,37,38,74,42,0.5675675675675675,36,38,45,28,0.6222222222222222,34,35
TOXIC_EGG,毒素之蛋,原版,Rare,222,139,0.6261261261261262,0.5608428139473022,0.6871187440962144,0.05675333220812451,10.0,38,38,83,44,0.5301204819277109,37,38,42,26,0.6190476190476191,35,35
BELT_BUCKLE,腰带扣,原版,Shop,29,28,0.9655172413793104,0.8282447812067973,0.9938867857072374,0.3961444474613087,39,1,25,12,11,0.9166666666666666,,,6,6,1.0,,
RINGING_TRIANGLE,三角铃鼓,原版,Shop,36,34,0.9444444444444444,0.8185534279135275,0.9846300133358382,0.37507165052644276,33.5,2,25,13,12,0.9230769230769231,,,7,6,0.8571428571428571,,
CAULDRON,大锅,原版,Shop,16,15,0.9375,0.7167126242970107,0.9888806552353576,0.36812720608199834,36.5,,,7,7,1.0,,,1,1,1.0,,
KIFUDA,木札,原版,Shop,71,66,0.9295774647887324,0.8455098688621009,0.969546397560289,0.3602046708707307,37,3,25,34,32,0.9411764705882353,1,16,8,8,1.0,,
DINGY_RUG,肮脏地毯,原版,Shop,26,24,0.9230769230769231,0.7585844622837095,0.9786449115277238,0.35370412915892147,1.0,4,25,3,3,1.0,,,5,5,1.0,,
THE_ABACUS,算盘,原版,Shop,69,62,0.8985507246376812,0.8050811424505202,0.9499833618915401,0.3291779307196795,36,5,25,25,22,0.88,4,16,15,14,0.9333333333333333,,
GNARLED_HAMMER,扭曲锤子,原版,Shop,59,53,0.8983050847457628,0.795361863737675,0.9525520275375955,0.3289322908277611,31,6,25,24,20,0.8333333333333334,12,16,13,12,0.9230769230769231,,
PUNCH_DAGGER,拳刃,原版,Shop,106,95,0.8962264150943396,0.8236781566158943,0.9410604120617315,0.326853621176338,36.0,7,25,30,27,0.9,3,16,29,24,0.8275862068965517,1,4
MYSTIC_LIGHTER,神秘打火机,原版,Shop,48,43,0.8958333333333334,0.7783257830561368,0.9546782809581869,0.3264605394153317,38.0,8,25,16,15,0.9375,,,8,8,1.0,,
TOOLBOX,工具箱,原版,Shop,44,39,0.8863636363636364,0.7602084758339172,0.950472193989075,0.3169908424456347,33.5,9,25,16,13,0.8125,,,11,10,0.9090909090909091,,
WING_CHARM,羽翼护符,原版,Shop,43,38,0.8837209302325582,0.7552083818991787,0.9492957226019584,0.3143481363145565,24,10,25,14,11,0.7857142857142857,,,6,6,1.0,,
CHEMICAL_X,化学物X,原版,Shop,74,65,0.8783783783783784,0.7847341343323124,0.9346768434217738,0.30900558446037674,30.5,11,25,26,22,0.8461538461538461,9,16,11,8,0.7272727272727273,,
DOLLYS_MIRROR,多利之镜,原版,Shop,115,100,0.8695652173913043,0.7959024584651849,0.9193361530722793,0.30019242347330266,30,12,25,36,26,0.7222222222222222,16,16,19,19,1.0,,
BURNING_STICKS,燃烧木棍,原版,Shop,53,46,0.8679245283018868,0.7515974469109508,0.9345214671553674,0.29855173438388516,36,13,25,18,15,0.8333333333333334,,,11,10,0.9090909090909091,,
GHOST_SEED,幽灵种子,原版,Shop,90,78,0.8666666666666667,0.7812606949930235,0.9220531795931369,0.29729387274866503,31.0,14,25,28,21,0.75,14,16,17,16,0.9411764705882353,,
BREAD,面包,原版,Shop,64,55,0.859375,0.7538371825842297,0.9242142744396914,0.29000220608199834,31.0,15,25,22,19,0.8636363636363636,6,16,17,15,0.8823529411764706,,
ORRERY,星系仪,原版,Shop,119,102,0.8571428571428571,0.7830941981595465,0.9088546016676395,0.28777006322485543,28,16,25,42,35,0.8333333333333334,11,16,17,15,0.8823529411764706,,
SLING_OF_COURAGE,勇气投石索,原版,Shop,34,29,0.8529411764705882,0.6987194350454783,0.9355055855521753,0.28356838255258654,34.0,17,25,16,12,0.75,,,4,3,0.75,,
LEES_WAFFLE,李家华夫饼,原版,Shop,87,74,0.8505747126436781,0.7609539966071731,0.9105455674894781,0.28120191872567646,31,18,25,33,30,0.9090909090909091,2,16,12,8,0.6666666666666666,,
ROYAL_STAMP,王室印章,原版,Shop,100,85,0.85,0.7671644040916763,0.9069401471634337,0.2806272060819983,30.5,19,25,39,33,0.8461538461538461,8,16,17,13,0.7647058823529411,,
MEMBERSHIP_CARD,会员卡,原版,Shop,264,221,0.8371212121212122,0.7878008607404905,0.8767713857807686,0.2677484182032105,23.0,20,25,101,82,0.8118811881188119,13,16,46,33,0.717391304347826,3,4
LAVA_LAMP,熔岩灯,原版,Shop,51,42,0.8235294117647058,0.6974585747569192,0.9042759653087368,0.2541566178467042,30.0,21,25,22,19,0.8636363636363636,7,16,13,9,0.6923076923076923,,
DRAGON_FRUIT,火龙果,原版,Shop,101,83,0.8217821782178217,0.7357944166164331,0.8841893257995012,0.25240938429982007,22,22,25,33,29,0.8787878787878788,5,16,17,9,0.5294117647058824,,
MGR_MOD_RELIC_BLACK_GOLD_RECORD,黑金唱片,MGR,Shop,123,100,0.8130081300813008,0.7350154100623674,0.8720416256726826,0.24363533616329913,22,23,25,56,47,0.8392857142857143,10,16,20,12,0.6,4,4
MINIATURE_TENT,微型帐篷,原版,Shop,273,216,0.7912087912087912,0.7391199540590699,0.8352159878093112,0.2218359972907895,21,24,25,109,79,0.7247706422018348,15,16,48,35,0.7291666666666666,2,4
SCREAMING_FLAGON,尖叫酒壶,原版,Shop,24,17,0.7083333333333334,0.5083230633550337,0.8508535180303913,0.1389605394153317,36.0,25,25,7,5,0.7142857142857143,,,4,1,0.25,,
DIVINE_RIGHT,天赋君权,原版,Starter,1,1,1.0,0.20654931437723745,1.0,0.43062720608199834,34,,,0,0,,,,0,0,,,
MGR_MOD_RELIC_JOURNEY_WITH_ME,“与我同行”,MGR,Starter,283,240,0.8480565371024735,0.8015932277854538,0.8851973108275353,0.27868374318447187,18,,,102,88,0.8627450980392157,,,61,44,0.7213114754098361,,
MGR_MOD_RELIC_MY_FRIEND,“我的朋友”,MGR,Starter,3403,1859,0.54628269174258,0.529512838878999,0.562948170477462,-0.023090102175421623,1,,,1361,625,0.4592211609110948,,,647,330,0.5100463678516228,,
BOUND_PHYLACTERY,缚魂命匣,原版,Starter,1,0,0.0,0.0,0.7934506856227626,-0.5693727939180017,6,,,0,0,,,,1,0,0.0,,
RING_OF_THE_SNAKE,蛇之戒指,原版,Starter,1,0,0.0,0.0,0.7934506856227626,-0.5693727939180017,6,,,1,0,0.0,,,0,0,,,
FUNERARY_MASK,葬礼面具,原版,Uncommon,1,1,1.0,0.20654931437723745,1.0,0.43062720608199834,39,,,1,1,1.0,,,0,0,,,
TINGSHA,铜钹,原版,Uncommon,1,1,1.0,0.20654931437723745,1.0,0.43062720608199834,36,,,1,1,1.0,,,0,0,,,
MINIATURE_CANNON,微型大炮,原版,Uncommon,322,276,0.8571428571428571,0.8147051340301188,0.8911596163685274,0.28777006322485543,27.0,1,33,109,90,0.8256880733944955,4,33,75,63,0.84,10,32
ORICHALCUM,奥利哈钢,原版,Uncommon,187,159,0.8502673796791443,0.7921052209799252,0.8943284334760574,0.2808945857611427,26,2,33,75,63,0.84,1,33,19,14,0.7368421052631579,,
MGR_MOD_RELIC_PALE_FLOWER,苍白花,MGR,Uncommon,288,244,0.8472222222222222,0.8011229849664376,0.8841806069501545,0.27784942830422055,29.0,3,33,87,70,0.8045977011494253,8,33,66,57,0.8636363636363636,1,32
TUNING_FORK,音叉,原版,Uncommon,340,287,0.8441176470588235,0.8017393506108825,0.8788068546157128,0.27474485314082187,26.0,4,33,99,71,0.7171717171717171,27,33,58,50,0.8620689655172413,3,32
PARRYING_SHIELD,招架盾,原版,Uncommon,314,265,0.8439490445859873,0.7996796231507269,0.8799044713894805,0.27457625066798563,26.0,5,33,108,89,0.8240740740740741,7,33,55,44,0.8,17,32
LETTER_OPENER,开信刀,原版,Uncommon,313,264,0.8434504792332268,0.7990589990468345,0.8795138139942519,0.27407768531522514,28,6,33,97,81,0.8350515463917526,2,33,64,49,0.765625,23,32
MGR_MOD_RELIC_CLICK_TRACK,“咔哒咔哒”,MGR,Uncommon,321,269,0.838006230529595,0.7937433576241877,0.8742748220373548,0.26863343661159333,27,7,33,114,95,0.8333333333333334,3,33,53,45,0.8490566037735849,8,32
MERCURY_HOURGLASS,水银沙漏,原版,Uncommon,332,277,0.8343373493975904,0.7905679897686393,0.8704582003257941,0.26496455547958875,27.0,8,33,125,95,0.76,17,33,58,48,0.8275862068965517,13,32
SPARKLING_ROUGE,闪亮口红,原版,Uncommon,333,277,0.8318318318318318,0.7879270724434227,0.86816793668561,0.2624590379138302,27,9,33,108,82,0.7592592592592593,18,33,50,39,0.78,19,32
PEN_NIB,钢笔尖,原版,Uncommon,313,259,0.8274760383386581,0.7817131510560675,0.8652981357970615,0.25810324442065646,26,10,33,102,74,0.7254901960784313,25,33,60,51,0.85,7,32
PEAR,梨子,原版,Uncommon,394,326,0.8274111675126904,0.7869824268184389,0.8615171055449788,0.25803837359468873,26.0,11,33,145,114,0.7862068965517242,13,33,66,55,0.8333333333333334,11,32
KUSARIGAMA,锁镰,原版,Uncommon,309,255,0.8252427184466019,0.7789780833492633,0.8635198795412743,0.25586992452860025,27,12,33,109,86,0.7889908256880734,12,33,59,50,0.847457627118644,9,32
NUNCHAKU,双截棍,原版,Uncommon,328,270,0.823170731707317,0.7782103144476459,0.8606489792446205,0.25379793778931536,26.0,13,33,116,93,0.8017241379310345,9,33,51,40,0.7843137254901961,18,32
RIPPLE_BASIN,波纹水盆,原版,Uncommon,276,227,0.822463768115942,0.7730482172906671,0.863026225538949,0.25309097419794035,26.0,14,33,80,66,0.825,6,33,66,51,0.7727272727272727,21,32
PETRIFIED_TOAD,石化蟾蜍,原版,Uncommon,298,245,0.8221476510067114,0.7747150375847409,0.8613804833889225,0.2527748570887097,26.0,15,33,103,85,0.8252427184466019,5,33,63,49,0.7777777777777778,20,32
ETERNAL_FEATHER,永恒羽毛,原版,Uncommon,336,276,0.8214285714285714,0.7769141227214711,0.8586763692377959,0.25205577751056973,26.0,16,33,107,79,0.7383177570093458,23,33,67,54,0.8059701492537313,16,32
STONE_CRACKER,碎石钻,原版,Uncommon,324,266,0.8209876543209876,0.7755585230109844,0.8588944859166056,0.251614860402986,26.0,17,33,122,92,0.7540983606557377,19,33,57,49,0.8596491228070176,5,32
VAMBRACE,臂甲,原版,Uncommon,314,257,0.8184713375796179,0.7720720888822756,0.8571724430993979,0.2490985436616162,26.0,18,33,94,72,0.7659574468085106,15,33,51,44,0.8627450980392157,2,32
REPTILE_TRINKET,爬行动物饰品,原版,Uncommon,330,270,0.8181818181818182,0.7729854399877929,0.856055664558754,0.24880902426381657,27.0,19,33,115,92,0.8,10,33,52,43,0.8269230769230769,14,32
TINY_MAILBOX,小邮箱,原版,Uncommon,233,190,0.8154506437768241,0.760664564016412,0.8600037967172107,0.24607784985882242,26,20,33,66,49,0.7424242424242424,20,33,59,49,0.8305084745762712,12,32
MGR_MOD_RELIC_MAGUROYAKI,鮪鱼烧,MGR,Uncommon,287,234,0.8153310104529616,0.7663772558053018,0.8559549272813872,0.24595821653495997,28,21,33,88,64,0.7272727272727273,24,33,65,56,0.8615384615384616,4,32
HORN_CLEAT,船夹板,原版,Uncommon,328,267,0.8140243902439024,0.7683687326193018,0.8524096376665797,0.24465159632590072,26.0,22,33,110,87,0.7909090909090909,11,33,61,44,0.7213114754098361,29,32
CANDELABRA,烛台,原版,Uncommon,371,302,0.8140161725067385,0.7712775122810349,0.8503186172747832,0.24464337858873686,26,23,33,127,97,0.7637795275590551,16,33,64,49,0.765625,22,32
PANTOGRAPH,缩放仪,原版,Uncommon,358,288,0.8044692737430168,0.7602442944803569,0.8422295091310394,0.23509647982501514,26.0,24,33,120,89,0.7416666666666667,21,33,66,50,0.7575757575757576,25,32
ORNAMENTAL_FAN,精致折扇,原版,Uncommon,365,291,0.7972602739726027,0.7530180489580237,0.8353106077331719,0.22788748005460102,26,25,33,138,102,0.7391304347826086,22,33,63,48,0.7619047619047619,24,32
AKABEKO,赤牛,原版,Uncommon,309,244,0.7896440129449838,0.7407849620350757,0.8313898407380895,0.2202712190269821,26,26,33,92,64,0.6956521739130435,29,33,62,45,0.7258064516129032,28,32
JOSS_PAPER,金纸,原版,Uncommon,256,201,0.78515625,0.7308246699718836,0.8310564119102367,0.21578345608199834,26.5,27,33,87,61,0.7011494252873564,28,33,56,48,0.8571428571428571,6,32
GREMLIN_HORN,地精之角,原版,Uncommon,312,244,0.782051282051282,0.7329606342559155,0.824280966188682,0.21267848813328039,26.0,28,33,97,70,0.7216494845360825,26,33,56,42,0.75,26,32
LUCKY_FYSH,招财异鱼,原版,Uncommon,214,167,0.780373831775701,0.7202320328294718,0.8306272969309496,0.2110010378576993,20.0,29,33,62,48,0.7741935483870968,14,33,43,31,0.7209302325581395,30,32
PERMAFROST,永冻冰晶,原版,Uncommon,316,239,0.7563291139240507,0.7061021994126017,0.8003987420141901,0.186956320006049,26.0,30,33,108,74,0.6851851851851852,31,33,60,43,0.7166666666666667,31,32
PLANISPHERE,活动星图,原版,Uncommon,269,200,0.7434944237918215,0.6881349286728821,0.7919973817399958,0.17412162987381985,18,31,33,91,57,0.6263736263736264,33,33,54,44,0.8148148148148148,15,32
LASTING_CANDY,吃不完的糖,原版,Uncommon,243,180,0.7407407407407407,0.6821972290789899,0.7917912190487164,0.17136794682273904,23,32,33,75,52,0.6933333333333334,30,33,41,29,0.7073170731707317,32,32
BOWLER_HAT,圆顶礼帽,原版,Uncommon,235,174,0.7404255319148936,0.6808255479707495,0.7922916426457787,0.1710527379968919,24,33,33,71,45,0.6338028169014085,32,33,52,39,0.75,27,32
